reg_no,name,phone_number,status
2026cs1000,student0,9876500000,absent
2026cs1001,student1,9876500001,absent
2026cs1002,student2,9876500002,absent
2026cs1003,student3,9876500003,absent
2026cs1004,student4,9876500004,absent
2026cs1005,student5,9876500005,absent
2026cs1006,student6,9876500006,absent
2026cs1007,student7,9876500007,absent
2026cs1008,student8,9876500008,absent
2026cs1009,student9,9876500009,absent
2026cs1010,student10,9876500010,absent
2026cs1011,student11,9876500011,absent
2026cs1012,student12,9876500012,absent
2026cs1013,student13,9876500013,absent
2026cs1014,student14,9876500014,absent
2026cs1015,student15,9876500015,absent
2026cs1016,student16,9876500016,absent
2026cs1017,student17,9876500017,absent
2026cs1018,student18,9876500018,absent
2026cs1019,student19,9876500019,absent
2026cs1020,student20,9876500020,absent
2026cs1021,student21,9876500021,absent
2026cs1022,student22,9876500022,absent
2026cs1023,student23,9876500023,absent
2026cs1024,student24,9876500024,absent
2026cs1025,student25,9876500025,absent
2026cs1026,student26,9876500026,absent
2026cs1027,student27,9876500027,absent
2026cs1028,student28,9876500028,absent
2026cs1029,student29,9876500029,absent
2026cs1030,student30,9876500030,absent
2026cs1031,student31,9876500031,absent
2026cs1032,student32,9876500032,absent
2026cs1033,student33,9876500033,absent
2026cs1034,student34,9876500034,absent
2026cs1035,student35,9876500035,absent
2026cs1036,student36,9876500036,absent
2026cs1037,student37,9876500037,absent
2026cs1038,student38,9876500038,absent
2026cs1039,student39,9876500039,absent
2026cs1040,student40,9876500040,absent
2026cs1041,student41,9876500041,absent
2026cs1042,student42,9876500042,absent
2026cs1043,student43,9876500043,absent
2026cs1044,student44,9876500044,absent
2026cs1045,student45,9876500045,absent
2026cs1046,student46,9876500046,absent
2026cs1047,student47,9876500047,absent
2026cs1048,student48,9876500048,absent
2026cs1049,student49,9876500049,absent
2026cs1050,student50,9876500050,absent
2026cs1051,student51,9876500051,absent
2026cs1052,student52,9876500052,absent
2026cs1053,student53,9876500053,absent
2026cs1054,student54,9876500054,absent
2026cs1055,student55,9876500055,absent
2026cs1056,student56,9876500056,absent
2026cs1057,student57,9876500057,absent
2026cs1058,student58,9876500058,absent
2026cs1059,student59,9876500059,absent
2026cs1060,student60,9876500060,absent
2026cs1061,student61,9876500061,absent
2026cs1062,student62,9876500062,absent
2026cs1063,student63,9876500063,absent
2026cs1064,student64,9876500064,absent
2026cs1065,student65,9876500065,absent
2026cs1066,student66,9876500066,absent
2026cs1067,student67,9876500067,absent
2026cs1068,student68,9876500068,absent
2026cs1069,student69,9876500069,absent
2026cs1070,student70,9876500070,absent
2026cs1071,student71,9876500071,absent
2026cs1072,student72,9876500072,absent
2026cs1073,student73,9876500073,absent
2026cs1074,student74,9876500074,absent
2026cs1075,student75,9876500075,absent
2026cs1076,student76,9876500076,absent
2026cs1077,student77,9876500077,absent
2026cs1078,student78,9876500078,absent
2026cs1079,student79,9876500079,absent
2026cs1080,student80,9876500080,absent
2026cs1081,student81,9876500081,absent
2026cs1082,student82,9876500082,absent
2026cs1083,student83,9876500083,absent
2026cs1084,student84,9876500084,absent
2026cs1085,student85,9876500085,absent
2026cs1086,student86,9876500086,absent
2026cs1087,student87,9876500087,absent
2026cs1088,student88,9876500088,absent
2026cs1089,student89,9876500089,absent
2026cs1090,student90,9876500090,absent
2026cs1091,student91,9876500091,absent
2026cs1092,student92,9876500092,absent
2026cs1093,student93,9876500093,absent
2026cs1094,student94,9876500094,absent
2026cs1095,student95,9876500095,absent
2026cs1096,student96,9876500096,absent
2026cs1097,student97,9876500097,absent
2026cs1098,student98,9876500098,absent
2026cs1099,student99,9876500099,absent
2026cs1100,student100,9876500100,absent
